HomeTeam,AwayTeam,HomeAvgPolarity,HomeAvgSubj,HomeElo,AwayAvgPolarity,AwayAvgSubj,AwayElo,Result,Date
Brentford,Manchester United,-0.06949521014419,0.433209325663256,,0.082685914309011,0.453800877348552,,4,
Liverpool,Newcastle,0.161515918388454,0.47781320874942,2002.78588867,0.119769654000497,0.465259386248169,1663.86694336,1,16/12/21
Manchester City,Leeds,0.176986945799098,0.434919594023946,1999.14282227,0.111999104652395,0.501447366369893,1738.94897461,1,14/12/21
Norwich,Aston Villa,0.160104401751323,0.48519864522426,1618.89685059,0.208066670198123,0.494054576206957,1735.42834473,3,14/12/21
Norwich,ManU,0.1445991355081,0.467995802989232,1622.09912109,0.180800053083231,0.476643403719826,1873.59228516,3,11/12/21
Tottenham,Liverpool,0.198317687977685,0.533690936509496,1782.24707031,0.130069919539594,0.510430784000637,2004.62902832,2,19/12/21
Wolves,Chelsea,0.084521230592028,0.49223821500516,1737.86108398,0.017599285848599,0.50296437070784,1933.37243652,2,19/12/21
Caen,Guingamp,0.139620042613088,0.462225810677725,1370.87561035,0.124725970416948,0.448457546633096,1425.04052734,1,11/12/21
Strasbourg,Marseille,0.17126403399526,0.52240042100413,1646,0.186334266567126,0.515295614559433,1672,3,12/12/21
Valencia,Elche,0.182282174048096,0.483170113691764,1709.6875,0.170632025306851,0.465842338836748,1586.99816895,1,11/12/21
Venezia,Juv,0.124391743148624,0.498126253987125,1485.34924316,0.14339200416272,0.529731265667901,1818.66601562,2,11/12/21
kleeblattfuerth,VfB Stuttgart,0.07208989698573,0.369473580046497,1490,0.101935313697524,0.424912182188672,1623,2,08/01/22
levane,mallorc,0.081171022258786,0.536551407665314,1580,0.170749158249158,0.602988215488216,1614,1,08/01/22
Leverkusen ,Union Berlin ,0.116608364956205,0.464931230910554,1747,0.05829929405337,0.457911935085848,1683,2,08/01/22
LOSC,Lorient,0.148566354471382,0.497929969336219,,0.115195789297488,0.459044997781932,,4,
malagacf,Sporting Gijón,0.275902873748737,0.54334229723233,1475.38562012,0.126475183125703,0.405378991588822,1496.15270996,2,09/01/22
MHSC,ESTAC Troyes,0.201240509756261,0.515226191930829,,0.182717826292975,0.443187383328752,,4,09/01/22
Mirandés,Rayo Vallecano,0.118534690042284,0.444225622313694,1496.48840332,0.127280304625813,0.43497699518124,1577.828125,3,05/01/22
Valencia,Elche,0.182282174048096,0.483170113691764,1709.6875,0.170632025306851,0.465842338836748,1586.99816895,1,11/12/21
Alaves,Athleticclub,0.144089420477953,0.44966167247069,1485.34924316,0.154304780830459,0.477538368172196,1818.66601562,2,09/01/22
Angers SCO,ASSE,0.186555017734301,0.430013901328556,1596.95288086,0.108469760553579,0.467562045641386,1711.78442383,4,
Atlético Baleares ,Celta Vigo,0.19195831217822,0.439295345429605,,0.17124834528955,0.418657428511133,,1,
CD Lugo,CD Mirandes,0.098931619274941,0.437723946905454,1469.42578125,0.074907237554113,0.408462497423212,1459.37487793,1,09/01/22
ClermontFoot,Stade de Reims,0.145689938278083,0.463289258341396,1536.59277344,0.125260939693338,0.496544453279147,1609.98132324,2,09/01/22
Eibar,Real Mallorca,0.142479128667218,0.420105024106392,1608,0.159432995045279,0.36546146849583,1614,3,05/01/22
Eintracht Frankfurt,Bvb ,0.092586885294584,0.453856006469065,1760,0.144277700856073,0.49179434620711,1807,3,08/01/22
EmpoliCalcio,SassuoloUS,0.142645010227923,0.359153606104826,1577,0.157787813379461,0.503142361405073,1652,3,09/01/22
OL,PSG,0.098683435562189,0.520394492567534,1738,0.142175405058598,0.482493823678749,1905,2,09/01/22
fc Cartagena ,SD Huesca ,0.152903962464148,0.458866924684826,1496,0.109640903569942,0.386107218121606,1542,3,08/01/22
FC Cartagena,Valencia,0.143129583970749,0.459204776009287,1496,0.154154848296172,0.471428809496402,1709,3,05/01/22
fcmetz,RCSA,0.216393280135942,0.52310426848065,1545,0.171294163767436,0.486832627822577,1634,3,09/01/22
GenoaCFC,acspezia,0.174782005139238,0.482156683817974,1539,0.18986016310307,0.443742690058479,1507,3,09/01/22
Girona FC,cffuenlabrada,0.197866317112007,0.459337276707966,1577,0.134641873278237,0.38715564738292,1456,1,09/01/22
GranadaFc,Barca,0.359259259259259,0.251851851851852,1672,0.138012151237785,0.483523909420911,1834,2,08/01/22
Hertha BSC,fckoeln,0.088313105545249,0.465896923843353,1627,0.178713834579848,0.453371765005752,1632,3,09/01/22
Inter,Lazio,0.132312792181671,0.521945261716602,1888,0.18385801176058,0.507086676936279,1695,1,09/01/22
Osasuna,Cadiz,0.110210674798897,0.46281578448925,1648,0.127851816875254,0.440952952219933,1570,1,09/01/22
Rayo Vallecano,RealBetis,0.12386370927358,0.396887441746179,1653,0.169669028817169,0.508807532613564,1733,2,09/01/22
RB Leipzig ,fsv Mainz,0.074360897940444,0.362703332021514,1760,0.117473147494068,0.446502523220619,1677,1,08/01/22
RC Lens,Stade Rennais,0.181733231644042,0.51091688015688,1619,0.153649314841399,0.471271897944419,1699,1,08/01/22
Real Madrid,Valencia CF,0.176667222530308,0.354465956026736,1940,0.123268150943089,0.430198150560517,1709,1,08/01/22
Real Sociedad ,RC Celta,0.156826618683659,0.389235670705382,1734,0.146941803236446,0.386167246444032,1707,1,08/01/22
Real Valladolid ,Burgos,0.184246171698725,0.382179805789955,1596,0.168010526204999,0.440625667627197,1473,1,08/01/22
SC Freiburg,Arminia Bielefeld ,0.111684308559309,0.436248265623266,1717,0.067803789777474,0.428548296245665,1604,2,08/01/22
SD Ponferradina,Real Zaragoza,0.131590444488172,0.394940831474922,1516,0.16108721874099,0.371708828198541,1472,2,09/01/22
SevillaFC,Getafecf,0.221445378704583,0.513029832223709,1839,0.115632415918294,0.489080476417537,1643,1,09/01/22
sscnapoli,Sampdoria,0.126140951903551,0.531740883920461,1781,0.123802087261959,0.468671928975907,1588,1,09/01/22
barnsleyfc,stokecity,0.089890908093417,0.519036738440713,,0.222679453670268,0.522962070081179,,4,
Everton,Leicester,0.047111944492897,0.564386417408395,,0.177940756717969,0.49430914236148,,4,11/01/22
Liverpool,Arsenal,0.10880757383034,0.525350395553521,1978.98046875,0.126074864390631,0.532036102541144,1857.16137695,2,13/01/22
Manutd,Aston Villa,0.110107887380808,0.505747058426389,1864,0.140791144802736,0.434081798698519,1729,1,10/01/22
Reading,Fulham,0.161801853211642,0.550062141358777,1476.42077637,0.124997520744914,0.465431355593605,1639.25268555,5,
Southampton,Brentford,0.157065453169053,0.456736453687054,1703.25402832,0.139965774720431,0.438190034403801,1680.5213623,1,11/01/22
West Ham,Norwich,0.165514487967003,0.474309656417079,1815.50280762,0.163206101474148,0.481745593889933,1595.09436035,1,12/01/22
CagliariCalcio,Bologna,0.185566487417478,0.502593561817001,1522,0.072635183984778,0.440841187774751,1604,1,11/01/22
TFC,AS Nancy,0.119068761666142,0.505883210668999,,0.127985378020017,0.473780410241254,,4,
Torino FC,ACF Fiorentina,0.155871212121212,0.489990179573513,1596,0.140091300230567,0.432773386034256,1651,1,10/01/22
TSG Hoffenheim ,FC Augsburg ,0.106186443412053,0.4844887756778,1716,0.089123129681166,0.475599312937614,1602,1,08/01/22
UD Las Palmas,UD Almería,0.20411524737435,0.46377603792765,1515,0.156110997571377,0.473868648485278,1618,2,09/01/22
Udinese,atalanta,0.102568894713904,0.454580645910434,1592,0.242035650623886,0.516856060606061,1793,3,09/01/22
Venezia FC,AC Milan,0.173153409090909,0.62874053030303,1490,0.101244833878908,0.499943044996857,1796,3,09/01/22
Verona FC,US Salernitana,0.086634199134199,0.341841491841492,1604,0.4,0.8,1428,3,09/01/22
VfL Bochum,VfL Wolfsburg,0.135555702800601,0.464479299045626,1583,0.067092691276115,0.410972176474894,1666,1,09/01/22
Villarreal CF,Atlético,0.160471064850932,0.464096294324317,1800,0.083439490568955,0.444686553030303,1838,2,09/01/22
